Hora,Cantidad_Viajes,Latitud,Longitud
2017-01-20 08:00:00,3,19.355779389999999,-99.062937640000001
2016-07-13 08:00:00,2,19.53285743,-99.026089089999999
2016-11-23 08:00:00,2,19.438530289999999,-99.179562869999998
2016-12-08 08:00:00,2,19.235243100000002,-99.098382619999995
2017-06-02 08:00:00,2,19.477765439999999,-99.094102759999998
2016-11-19 08:00:00,2,19.3309183,-99.069829499999997
2017-05-18 08:00:00,2,19.603411600000001,-99.027880400000001
2017-05-25 08:00:00,2,19.267688379999999,-99.211323460000003
2017-06-22 08:00:00,2,19.47782415,-99.094029460000002
2017-07-06 08:00:00,2,19.478043589999999,-99.093647779999998
2017-07-04 08:00:00,2,19.477597710000001,-99.139276679999995
2016-07-07 08:00:00,2,19.366831059999999,-99.205023960000005
2017-05-24 08:00:00,2,19.302696860000001,-99.244292700000003
2017-05-24 08:00:00,1,19.460571309999999,-99.193907870000004
2017-05-24 08:00:00,1,19.462603349999998,-99.195824790000003
2016-07-08 08:00:00,1,19.380544969999999,-99.203465629999997
2016-07-09 08:00:00,1,19.381418400000001,-99.202709679999998
2016-07-12 08:00:00,1,19.3812748,-99.202790539999995
2016-07-13 08:00:00,1,19.380657320000001,-99.203674660000004
2016-07-13 08:00:00,1,19.38075873,-99.203440659999998
2017-07-04 08:00:00,1,19.485289359999999,-99.134698740000005
2017-07-04 08:00:00,1,19.488283559999999,-99.126562820000004
2017-07-04 08:00:00,1,19.615779939999999,-99.040576819999998
2017-07-04 08:00:00,1,19.626690079999999,-99.079218789999999
2017-07-05 08:00:00,1,19.271990250000002,-99.152049820000002
2017-07-05 08:00:00,1,19.296877259999999,-99.149915699999994
2017-07-05 08:00:00,1,19.301420610000001,-99.140853899999996
2017-07-05 08:00:00,1,19.325375279999999,-99.138790850000007
2017-07-05 08:00:00,1,19.358535119999999,-99.086504590000004
2017-07-05 08:00:00,1,19.361180560000001,-99.076348460000006
2017-07-05 08:00:00,1,19.361274819999998,-99.075951169999996
2017-07-05 08:00:00,1,19.36131936,-99.076156479999995
2017-07-05 08:00:00,1,19.406677219999999,-99.156804949999994
2017-07-05 08:00:00,1,19.406696549999999,-99.156808339999998
2017-07-05 08:00:00,1,19.429923980000002,-99.162851459999999
2017-07-05 08:00:00,1,19.450483760000001,-99.123029259999996
2017-07-05 08:00:00,1,19.460488510000001,-99.194127109999997
2017-07-05 08:00:00,1,19.463812269999998,-99.149123720000006
2017-07-05 08:00:00,1,19.47458804,-99.096018979999997
2017-07-06 08:00:00,1,19.27213446,-99.152699409999997
2017-07-06 08:00:00,1,19.302107639999999,-99.139795340000006
2017-07-06 08:00:00,1,19.329222680000001,-99.253454000000005
2017-07-06 08:00:00,1,19.34528551,-99.229693949999998
2017-07-06 08:00:00,1,19.34561046,-99.223286389999998
2017-07-06 08:00:00,1,19.37553797,-99.020758860000001
2017-07-06 08:00:00,1,19.406601859999999,-99.15737
2017-07-06 08:00:00,1,19.406663850000001,-99.156827340000007
2017-07-06 08:00:00,1,19.464163039999999,-99.195918980000002
2017-07-06 08:00:00,1,19.504379700000001,-99.196143359999994
2017-07-07 08:00:00,1,19.451145570000001,-99.120438129999997
2017-07-07 08:00:00,1,19.461469569999998,-99.195004639999993
2017-07-07 08:00:00,1,19.477685340000001,-99.094082270000001
2017-07-08 08:00:00,1,19.406878500000001,-99.155263399999995
2017-07-08 08:00:00,1,19.406980239999999,-99.155241340000003
2017-07-08 08:00:00,1,19.467895840000001,-99.082507190000001
2017-07-08 08:00:00,1,25.75296449,-108.985069
2017-07-09 08:00:00,1,19.244249079999999,-98.858703329999997
2017-07-09 08:00:00,1,19.262906000000001,-98.836329759999998
2017-07-09 08:00:00,1,19.30426649,-99.125205589999993
2017-07-10 08:00:00,1,19.302266700000001,-99.140230000000003
2017-07-10 08:00:00,1,19.331456859999999,-99.209776939999998
2017-07-10 08:00:00,1,19.345206000000001,-99.181043979999998
2017-07-10 08:00:00,1,19.345434300000001,-99.222602010000003
2017-07-10 08:00:00,1,19.345932810000001,-99.223610719999996
2017-07-10 08:00:00,1,19.345969700000001,-99.223411650000003
2017-07-10 08:00:00,1,19.347867149999999,-99.216542430000004
2017-07-10 08:00:00,1,19.36188786,-99.077587789999995
2017-07-10 08:00:00,1,19.400383120000001,-99.174285859999998
2017-07-10 08:00:00,1,19.40668196,-99.156811020000006
2017-07-10 08:00:00,1,19.462366769999999,-99.196788220000002
2017-07-10 08:00:00,1,19.462482210000001,-99.195609939999997
2017-07-11 08:00:00,1,19.272305280000001,-99.153300729999998
2017-07-11 08:00:00,1,19.274972869999999,-99.186082260000006
2017-07-11 08:00:00,1,19.354762749999999,-99.081078689999998
2017-07-11 08:00:00,1,19.361302980000001,-99.075864139999993
2017-07-11 08:00:00,1,19.461351010000001,-99.196500139999998
2017-07-11 08:00:00,1,19.46222397,-99.196206570000001
2017-07-11 08:00:00,1,19.463188219999999,-99.195086040000007
2017-07-11 08:00:00,1,19.47770658,-99.094020029999996
2017-07-11 08:00:00,1,19.477882470000001,-99.093891549999995
2017-07-12 08:00:00,1,19.271601619999998,-99.150652570000005
2017-07-12 08:00:00,1,19.271966949999999,-99.152113409999998
2017-07-12 08:00:00,1,19.301634759999999,-99.139787530000007
2017-07-12 08:00:00,1,19.462410420000001,-99.196183149999996
2017-07-12 08:00:00,1,19.477728030000002,-99.093936819999996
2017-07-13 08:00:00,1,19.316646240000001,-99.252090629999998
2017-07-13 08:00:00,1,19.42905258,-99.1409223
2017-07-13 08:00:00,1,19.4618064,-99.196930129999998
2017-07-13 08:00:00,1,19.463099,-99.195349710000002
2017-07-13 08:00:00,1,19.46344612,-99.195885970000006
2017-07-13 08:00:00,1,19.486376830000001,-99.086772999999994
2017-07-13 08:00:00,1,19.627872180000001,-99.096111059999998
2017-07-13 08:00:00,1,19.639874299999999,-99.09651289
2017-07-14 08:00:00,1,19.34676632,-99.180847099999994
2017-07-14 08:00:00,1,19.365863869999998,-99.118946309999998
2017-07-14 08:00:00,1,19.4039085,-99.176971420000001
2017-07-14 08:00:00,1,19.477742410000001,-99.093696530000003
2017-07-15 08:00:00,1,19.40471234,-99.097657659999996
2017-07-16 08:00:00,1,19.358510469999999,-99.298014949999995
2017-07-16 08:00:00,1,19.630526339999999,-99.126514889999996
2017-07-16 08:00:00,1,19.634594920000001,-99.099803969999996
2017-07-17 08:00:00,1,19.34006445,-99.131904980000002
2017-07-17 08:00:00,1,19.353680409999999,-99.235372920000003
2017-07-17 08:00:00,1,19.415437870000002,-99.169027850000006
2017-07-17 08:00:00,1,19.461603480000001,-99.196440820000007
2017-07-17 08:00:00,1,19.462130299999998,-99.196859020000005
2017-07-18 08:00:00,1,19.458335399999999,-99.200767740000003
2017-07-18 08:00:00,1,19.459624040000001,-99.194121100000004
2017-07-18 08:00:00,1,19.461578930000002,-99.196491269999996
2017-07-18 08:00:00,1,19.486597369999998,-99.086060579999995
2017-07-18 08:00:00,1,19.667180349999999,-99.076304350000001
2017-07-19 08:00:00,1,19.367616600000002,-99.144622600000005
2017-07-19 08:00:00,1,19.462669160000001,-99.189688090000004
2017-07-19 08:00:00,1,19.633399099999998,-99.099163180000005
2017-07-19 08:00:00,1,19.635919770000001,-99.113176559999999
2017-07-20 08:00:00,1,19.3022083,-99.140111700000006
2017-07-20 08:00:00,1,19.46270075,-99.197251519999995
2017-07-20 08:00:00,1,19.484566999999998,-99.086844429999999
2017-07-20 08:00:00,1,19.48695493,-99.086584970000004
2017-06-22 08:00:00,1,19.477830640000001,-99.094003169999993
2017-06-22 08:00:00,1,19.517203200000001,-99.127357200000006
2017-06-23 08:00:00,1,19.293066499999998,-99.225930959999999
2017-06-23 08:00:00,1,19.303061700000001,-99.141453299999995
2017-06-23 08:00:00,1,19.304933890000001,-99.246447739999994
2017-06-23 08:00:00,1,19.312283040000001,-99.259866009999996
2017-06-23 08:00:00,1,19.312283359999999,-99.259925780000003
2017-06-23 08:00:00,1,19.407568349999998,-99.155233850000002
2017-06-23 08:00:00,1,19.416325000000001,-99.168376699999996
2017-06-23 08:00:00,1,19.460882439999999,-99.19687021
2017-06-23 08:00:00,1,19.461103479999998,-99.196611200000007
2017-06-23 08:00:00,1,19.461258600000001,-99.198369760000006
2017-06-23 08:00:00,1,19.461792469999999,-99.195985289999996
2017-06-24 08:00:00,1,19.310237770000001,-99.251483590000007
2017-06-24 08:00:00,1,19.315531140000001,-99.257552140000001
2017-06-24 08:00:00,1,19.329975340000001,-99.263578559999999
2017-06-24 08:00:00,1,19.341654559999998,-99.229681720000002
2017-06-24 08:00:00,1,19.441155340000002,-99.118640360000001
2017-06-25 08:00:00,1,19.32542664,-99.247894479999999
2017-06-25 08:00:00,1,19.325585,-99.247968999999998
2017-06-25 08:00:00,1,19.461317730000001,-99.196730959999996
2017-06-25 08:00:00,1,19.461645950000001,-99.19653812
2017-06-25 08:00:00,1,19.67768598,-99.151319000000001
2017-06-26 08:00:00,1,19.201279270000001,-99.143936640000007
2017-06-26 08:00:00,1,19.31528964,-99.247696599999998
2017-06-26 08:00:00,1,19.3326341,-99.108781669999999
2017-06-26 08:00:00,1,19.40666852,-99.156780029999993
2017-06-26 08:00:00,1,19.406672700000001,-99.156815989999998
2017-06-26 08:00:00,1,19.406674540000001,-99.156910409999995
2017-06-26 08:00:00,1,19.46169974,-99.19630042
2017-06-26 08:00:00,1,19.477649670000002,-99.094068780000001
2017-06-26 08:00:00,1,19.491134800000001,-99.148421260000006
2017-06-27 08:00:00,1,19.201407360000001,-99.143100459999999
2017-06-27 08:00:00,1,19.25537989,-99.179318570000007
2017-06-27 08:00:00,1,19.264439240000002,-99.172040199999998
2017-06-27 08:00:00,1,19.31666572,-99.250650669999999
2017-06-27 08:00:00,1,19.324461159999998,-99.246741659999998
2017-06-27 08:00:00,1,19.32905659,-99.216894730000007
2017-06-27 08:00:00,1,19.33228806,-99.263771669999997
2017-06-27 08:00:00,1,19.406660160000001,-99.156823759999995
2017-06-27 08:00:00,1,19.439008300000001,-99.159220000000005
2017-06-27 08:00:00,1,19.46157831,-99.19632043
2017-06-27 08:00:00,1,19.477795669999999,-99.093929919999994
2017-06-27 08:00:00,1,19.49385522,-99.143830859999994
2017-06-28 08:00:00,1,19.280368299999999,-99.243521700000002
2017-06-28 08:00:00,1,19.313500650000002,-99.256577649999997
2017-06-28 08:00:00,1,19.313724799999999,-99.258722899999995
2017-06-28 08:00:00,1,19.3211914,-99.258000199999998
2017-06-28 08:00:00,1,19.406691009999999,-99.15683756
2017-06-28 08:00:00,1,19.406691110000001,-99.156802529999993
2017-06-28 08:00:00,1,19.452435470000001,-99.051337739999994
2017-06-29 08:00:00,1,19.196204479999999,-99.140816130000005
2017-06-29 08:00:00,1,19.312321260000001,-99.260326539999994
2017-06-29 08:00:00,1,19.312772590000002,-99.2534153
2017-06-29 08:00:00,1,19.317134920000001,-99.268429190000006
2017-06-29 08:00:00,1,19.3192229,-99.239064299999995
2017-06-29 08:00:00,1,19.40668003,-99.156806220000007
2017-06-29 08:00:00,1,19.406694760000001,-99.156833599999999
2017-06-29 08:00:00,1,19.41761846,-99.168741600000004
2017-06-29 08:00:00,1,19.44679764,-99.119228759999999
2017-06-29 08:00:00,1,19.46103948,-99.194573289999994
2017-06-29 08:00:00,1,19.4777874,-99.094017620000002
2017-06-29 08:00:00,1,19.477860790000001,-99.094043799999994
2017-06-30 08:00:00,1,19.199950019999999,-99.144641969999995
2017-06-30 08:00:00,1,19.216631,-99.102174320000003
2017-06-30 08:00:00,1,19.227956200000001,-99.118995299999995
2017-06-30 08:00:00,1,19.309601399999998,-99.259813609999995
2017-06-30 08:00:00,1,19.312049699999999,-99.244120859999995
2017-06-30 08:00:00,1,19.317113460000002,-99.262058300000007
2017-06-30 08:00:00,1,19.317178859999999,-99.25645591
2017-06-30 08:00:00,1,19.337740539999999,-99.183529960000001
2017-06-30 08:00:00,1,19.406667809999998,-99.156791690000006
2017-06-30 08:00:00,1,19.411383149999999,-99.161874949999998
2017-06-30 08:00:00,1,19.461688030000001,-99.196322589999994
2017-06-30 08:00:00,1,19.4624913,-99.196335689999998
2017-06-30 08:00:00,1,19.485180310000001,-99.134723339999994
2017-06-30 08:00:00,1,19.496591209999998,-99.146503139999993
2017-06-30 08:00:00,1,19.5066813,-99.156213859999994
2017-06-30 08:00:00,1,19.519470900000002,-99.130410699999999
2017-07-01 08:00:00,1,19.322730400000001,-99.266581599999995
2017-07-01 08:00:00,1,19.323640099999999,-99.263627400000004
2017-07-01 08:00:00,1,19.323748299999998,-99.077079999999995
2017-07-01 08:00:00,1,19.326456100000001,-99.256979299999998
2017-07-01 08:00:00,1,19.413999780000001,-99.158649699999998
2017-07-01 08:00:00,1,19.4223,-99.163437139999999
2017-07-01 08:00:00,1,19.4254304,-98.987433109999998
2017-07-03 08:00:00,1,19.271967159999999,-99.152128489999996
2017-07-03 08:00:00,1,19.280559660000002,-99.138794529999998
2017-07-03 08:00:00,1,19.35650437,-99.239472640000002
2017-07-03 08:00:00,1,19.36085696,-99.215971089999996
2017-07-03 08:00:00,1,19.406673390000002,-99.157552960000004
2017-07-03 08:00:00,1,19.4067547,-99.156752269999998
2017-07-03 08:00:00,1,19.461640930000002,-99.196369750000002
2017-07-03 08:00:00,1,19.461699070000002,-99.19646831
2017-07-03 08:00:00,1,19.46182409,-99.19690817
2017-07-03 08:00:00,1,19.462323390000002,-99.195695540000003
2017-07-03 08:00:00,1,19.467163979999999,-99.121376740000002
2017-07-03 08:00:00,1,19.477781480000001,-99.094047889999999
2017-07-04 08:00:00,1,19.27199139,-99.152076120000004
2017-07-04 08:00:00,1,19.27222506,-99.153180739999996
2017-07-04 08:00:00,1,19.31944098,-99.258304249999995
2017-07-04 08:00:00,1,19.327241399999998,-99.256811549999995
2017-07-04 08:00:00,1,19.373267599999998,-99.163197220000001
2017-07-04 08:00:00,1,19.4069228,-99.182203849999993
2017-07-04 08:00:00,1,19.462054800000001,-99.196413250000006
2017-07-04 08:00:00,1,19.46217867,-99.196314509999993
2017-07-04 08:00:00,1,19.470173280000001,-99.122742040000006
2017-05-25 08:00:00,1,19.267771920000001,-99.211250930000006
2017-05-25 08:00:00,1,19.34617016,-99.180785839999999
2017-05-25 08:00:00,1,19.461496489999998,-99.19618543
2017-05-25 08:00:00,1,19.461711650000002,-99.196292839999998
2017-05-25 08:00:00,1,19.46213019,-99.198016809999999
2017-05-25 08:00:00,1,19.478481420000001,-99.096983730000005
2017-05-26 08:00:00,1,19.301438319999999,-99.139984010000006
2017-05-26 08:00:00,1,19.379791699999998,-99.206815000000006
2017-05-26 08:00:00,1,19.46173344,-99.196252450000003
2017-05-26 08:00:00,1,19.478840569999999,-99.097026009999993
2017-05-27 08:00:00,1,19.356268700000001,-99.08588847
2017-05-28 08:00:00,1,19.341553860000001,-99.139165770000005
2017-05-29 08:00:00,1,19.310756860000001,-99.253138340000007
2017-05-29 08:00:00,1,19.32286616,-99.22349724
2017-05-29 08:00:00,1,19.461288920000001,-99.194411990000006
2017-05-29 08:00:00,1,19.47822871,-99.095392360000005
2017-05-30 08:00:00,1,19.34585616,-99.226277730000007
2017-05-30 08:00:00,1,19.46178441,-99.196650770000005
2017-05-30 08:00:00,1,19.463971560000001,-99.196178059999994
2017-05-30 08:00:00,1,19.477822710000002,-99.094058989999994
2017-05-31 08:00:00,1,19.32506794,-99.260317150000006
2017-05-31 08:00:00,1,19.37071388,-99.18821518
2017-05-31 08:00:00,1,19.442302260000002,-99.116094020000006
2017-05-31 08:00:00,1,19.446083059999999,-99.125133439999999
2017-05-31 08:00:00,1,19.460534089999999,-99.193978799999996
2017-05-31 08:00:00,1,19.46166659,-99.196372519999997
2017-05-31 08:00:00,1,19.461735879999999,-99.196410970000002
2017-06-01 08:00:00,1,19.27559098,-99.14175315
2017-06-01 08:00:00,1,19.32961753,-99.2655314
2017-06-01 08:00:00,1,19.442535029999998,-99.116487899999996
2017-06-01 08:00:00,1,19.461230520000001,-99.196596929999998
2017-06-01 08:00:00,1,19.462495969999999,-99.195764679999996
2017-06-01 08:00:00,1,19.477744399999999,-99.094135739999999
2017-06-01 08:00:00,1,19.603135699999999,-99.028046419999995
2017-06-02 08:00:00,1,19.30213432,-99.140284339999994
2017-06-02 08:00:00,1,19.30226,-99.140211699999995
2017-06-02 08:00:00,1,19.30227571,-99.189117780000004
2017-06-02 08:00:00,1,19.444619190000001,-99.117811630000006
2017-06-02 08:00:00,1,19.458014339999998,-99.11382381
2017-06-02 08:00:00,1,19.47771354,-99.093985419999996
2017-05-19 08:00:00,1,19.267704269999999,-99.211309259999993
2017-05-19 08:00:00,1,19.302293949999999,-99.140081350000003
2017-05-19 08:00:00,1,19.317785579999999,-99.112433559999999
2017-05-19 08:00:00,1,19.460720500000001,-99.194096000000002
2017-05-19 08:00:00,1,19.4618793,-99.191967489999996
2017-05-22 08:00:00,1,19.338389360000001,-99.174523140000005
2017-05-22 08:00:00,1,19.459402950000001,-99.193451300000007
2017-05-22 08:00:00,1,19.461682920000001,-99.196249850000001
2017-05-22 08:00:00,1,19.461797050000001,-99.196258549999996
2017-05-23 08:00:00,1,19.316920079999999,-99.262134669999995
2017-05-23 08:00:00,1,19.352460990000001,-99.015451119999994
2017-05-23 08:00:00,1,19.408042399999999,-99.137713669999997
2017-05-23 08:00:00,1,19.460453489999999,-99.194161449999996
2017-05-23 08:00:00,1,19.461339200000001,-99.194570810000002
2017-05-23 08:00:00,1,19.4629051,-99.195079000000007
2017-05-23 08:00:00,1,19.477660220000001,-99.094081970000005
2017-05-24 08:00:00,1,19.30231865,-99.089534330000006
2016-11-19 08:00:00,1,19.37475689,-99.187914129999996
2016-11-19 08:00:00,1,19.507769199999998,-99.153020859999998
2016-11-20 08:00:00,1,19.370154100000001,-99.179998400000002
2016-11-20 08:00:00,1,19.406593919999999,-99.132528449999995
2016-11-22 08:00:00,1,19.33086467,-99.069839819999999
2016-11-22 08:00:00,1,19.333336299999999,-99.113413660000006
2016-11-22 08:00:00,1,19.4397071,-99.176011650000007
2016-11-23 08:00:00,1,19.236725809999999,-99.107568689999994
2016-11-23 08:00:00,1,19.293001700000001,-99.029274079999993
2016-11-23 08:00:00,1,19.306635620000002,-99.059603569999993
2016-11-23 08:00:00,1,19.330674699999999,-99.068369599999997
2016-11-23 08:00:00,1,19.330936690000001,-99.070005519999995
2016-11-23 08:00:00,1,19.331080069999999,-99.068431779999997
2016-06-24 08:00:00,1,19.456838730000001,-99.084493850000001
2016-06-25 08:00:00,1,19.384540000000001,-99.10820674
2016-06-27 08:00:00,1,19.380392459999999,-99.203450959999998
2016-06-27 08:00:00,1,19.381004090000001,-99.202691790000003
2016-06-27 08:00:00,1,19.412564,-99.099865699999995
2016-06-29 08:00:00,1,19.47516937,-99.18138209
2016-07-06 08:00:00,1,19.366781960000001,-99.204833219999998
2016-07-06 08:00:00,1,19.374582409999999,-99.201905060000001
2017-06-03 08:00:00,1,19.61593062,-99.025251139999995
2017-06-05 08:00:00,1,19.462389430000002,-99.196813890000001
2017-06-05 08:00:00,1,19.463606739999999,-99.189911359999996
2017-06-06 08:00:00,1,19.459498,-99.194734650000001
2017-06-06 08:00:00,1,19.461389050000001,-99.192723459999996
2017-06-06 08:00:00,1,19.462467459999999,-99.195800680000005
2017-06-07 08:00:00,1,19.302261699999999,-99.140023299999996
2017-06-07 08:00:00,1,19.461076550000001,-99.196347720000006
2017-06-07 08:00:00,1,19.477803900000001,-99.094096899999997
2017-06-07 08:00:00,1,19.511374570000001,-99.149370210000001
2017-06-08 08:00:00,1,19.348893409999999,-99.062859020000005
2017-06-08 08:00:00,1,19.351458829999999,-99.073089510000003
2017-06-08 08:00:00,1,19.35503392,-99.065757439999999
2017-06-08 08:00:00,1,19.355307589999999,-99.065642859999997
2017-06-08 08:00:00,1,19.46041409,-99.193475699999993
2017-06-08 08:00:00,1,19.46142476,-99.196092980000003
2017-06-08 08:00:00,1,19.46163997,-99.196325979999997
2017-06-09 08:00:00,1,19.46126976,-99.193646610000002
2017-06-09 08:00:00,1,19.46388726,-99.193729390000001
2017-06-09 08:00:00,1,19.486744789999999,-99.149941659999996
2017-06-09 08:00:00,1,19.522746439999999,-99.136443450000002
2017-06-10 08:00:00,1,19.35926903,-99.074343080000006
2017-06-10 08:00:00,1,19.507267500000001,-99.144925499999999
2017-06-11 08:00:00,1,19.393851300000001,-99.141539199999997
2017-06-11 08:00:00,1,19.419881799999999,-99.177245099999993
2017-06-12 08:00:00,1,19.30637922,-99.248218640000005
2017-06-12 08:00:00,1,19.377143329999999,-99.072570569999996
2017-06-12 08:00:00,1,19.461686690000001,-99.196673950000005
2017-06-12 08:00:00,1,19.462283639999999,-99.19158779
2017-06-12 08:00:00,1,19.46247923,-99.196796259999999
2017-06-13 08:00:00,1,19.32262137,-99.222606920000004
2017-06-13 08:00:00,1,19.340618030000002,-99.203186930000001
2017-06-13 08:00:00,1,19.34847998,-99.011545089999998
2017-06-13 08:00:00,1,19.43849518,-99.176734049999993
2017-06-13 08:00:00,1,19.461305459999998,-99.197250490000002
2017-06-13 08:00:00,1,19.461435030000001,-99.196498039999994
2017-06-13 08:00:00,1,19.462172930000001,-99.191223870000002
2017-06-13 08:00:00,1,19.464157700000001,-99.145154270000006
2017-06-14 08:00:00,1,19.3414067,-99.059461580000004
2017-06-14 08:00:00,1,19.406621229999999,-99.156732640000001
2017-06-14 08:00:00,1,19.411830980000001,-99.17254045
2017-06-14 08:00:00,1,19.452353859999999,-99.112740720000005
2017-06-14 08:00:00,1,19.460609529999999,-99.194107290000005
2017-06-14 08:00:00,1,19.461464589999999,-99.195616090000001
2017-06-14 08:00:00,1,19.461752579999999,-99.196723250000005
2017-06-14 08:00:00,1,19.46353238,-99.195419029999996
2017-06-14 08:00:00,1,19.477779170000002,-99.094063239999997
2017-06-14 08:00:00,1,19.477787970000001,-99.094072639999993
2017-06-14 08:00:00,1,19.477812709999998,-99.093983649999998
2017-06-14 08:00:00,1,19.5285464,-99.170303899999993
2017-06-14 08:00:00,1,19.529957100000001,-99.1420794
2017-06-15 08:00:00,1,19.31676349,-99.255604230000003
2017-06-15 08:00:00,1,19.3564978,-99.086213979999997
2017-06-15 08:00:00,1,19.358693509999998,-99.172140580000004
2017-06-15 08:00:00,1,19.398802839999998,-99.16270136
2017-06-15 08:00:00,1,19.455799580000001,-99.176342790000007
2017-06-15 08:00:00,1,19.468000700000001,-99.185264900000007
2017-06-15 08:00:00,1,19.477816140000002,-99.094046180000007
2017-06-16 08:00:00,1,19.406462749999999,-99.158177010000003
2017-06-16 08:00:00,1,19.4153141,-99.166191470000001
2017-06-16 08:00:00,1,19.417026320000002,-99.115316000000007
2017-06-16 08:00:00,1,19.4441852,-99.118605759999994
2017-06-16 08:00:00,1,19.4629811,-99.194726770000003
2017-06-16 08:00:00,1,19.477700970000001,-99.094037060000005
2017-06-16 08:00:00,1,19.47770362,-99.094086419999996
2017-06-16 08:00:00,1,19.477844380000001,-99.094007989999994
2017-06-17 08:00:00,1,19.301180680000002,-99.141204000000002
2017-06-17 08:00:00,1,19.302191700000002,-99.140063299999994
2017-06-17 08:00:00,1,19.317929490000001,-99.262986979999994
2017-06-17 08:00:00,1,19.33133746,-99.245379790000001
2017-06-17 08:00:00,1,19.336197110000001,-99.228044620000006
2017-06-17 08:00:00,1,19.34121661,-99.206045619999998
2017-06-17 08:00:00,1,19.382755800000002,-99.176614599999994
2017-06-17 08:00:00,1,19.4454423,-99.124776990000001
2017-06-18 08:00:00,1,19.31952265,-99.262800519999999
2017-06-19 08:00:00,1,19.274674659999999,-99.231836999999999
2017-06-19 08:00:00,1,19.276570100000001,-99.232166879999994
2017-06-19 08:00:00,1,19.31643382,-99.239164479999999
2017-06-19 08:00:00,1,19.325373299999999,-99.253801699999997
2017-06-19 08:00:00,1,19.325385000000001,-99.253744999999995
2017-06-19 08:00:00,1,19.397797990000001,-99.178161279999998
2017-06-19 08:00:00,1,19.40650978,-99.157824110000007
2017-06-19 08:00:00,1,19.40664842,-99.156771199999994
2017-06-19 08:00:00,1,19.40883899,-99.157761949999994
2017-06-19 08:00:00,1,19.42516595,-99.146413170000002
2017-06-19 08:00:00,1,19.439320039999998,-99.213993070000001
2017-06-19 08:00:00,1,19.460057419999998,-99.196999259999998
2017-06-19 08:00:00,1,19.46101122,-99.196621660000005
2017-06-19 08:00:00,1,19.46127328,-99.194355669999993
2017-06-19 08:00:00,1,19.477760190000001,-99.094179319999995
2017-06-20 08:00:00,1,19.30473726,-99.247711980000005
2017-06-20 08:00:00,1,19.321447859999999,-99.239901660000001
2017-06-20 08:00:00,1,19.323423500000001,-99.237757560000006
2017-06-20 08:00:00,1,19.325486009999999,-99.328746580000001
2017-06-20 08:00:00,1,19.327222020000001,-99.21233273
2017-06-20 08:00:00,1,19.344351639999999,-99.190159059999999
2017-06-20 08:00:00,1,19.350498290000001,-99.186329959999995
2017-06-20 08:00:00,1,19.35872054,-99.172174670000004
2017-06-20 08:00:00,1,19.361296169999999,-99.189286139999993
2017-06-20 08:00:00,1,19.386802930000002,-99.139006960000003
2017-06-20 08:00:00,1,19.397409549999999,-99.185215279999994
2017-06-20 08:00:00,1,19.406634059999998,-99.156794430000005
2017-06-20 08:00:00,1,19.461352250000001,-99.195816919999999
2017-06-20 08:00:00,1,19.461549860000002,-99.196457030000005
2017-06-20 08:00:00,1,19.461633599999999,-99.196343600000006
2017-06-20 08:00:00,1,19.485460740000001,-99.134668959999999
2017-06-20 08:00:00,1,19.493385,-99.121356700000007
2017-06-20 08:00:00,1,19.527230500000002,-99.033293810000004
2017-06-21 08:00:00,1,19.292872819999999,-99.242352800000006
2017-06-21 08:00:00,1,19.30548989,-99.235036339999994
2017-06-21 08:00:00,1,19.30980052,-99.218083120000003
2017-06-21 08:00:00,1,19.311185999999999,-99.262390600000003
2017-06-21 08:00:00,1,19.313642900000001,-99.258771800000005
2017-06-21 08:00:00,1,19.40671047,-99.156863999999999
2017-06-21 08:00:00,1,19.422303540000001,-99.162934620000001
2017-06-21 08:00:00,1,19.426836640000001,-99.123997630000005
2017-06-21 08:00:00,1,19.460054339999999,-99.196882939999995
2017-06-21 08:00:00,1,19.461586149999999,-99.196280610000002
2017-06-21 08:00:00,1,19.461723469999999,-99.196574709999993
2017-06-21 08:00:00,1,19.462142069999999,-99.19634293
2017-06-21 08:00:00,1,19.47776172,-99.094066889999993
2017-06-21 08:00:00,1,19.477802019999999,-99.094005460000005
2017-06-21 08:00:00,1,19.47784205,-99.094004040000002
2017-06-21 08:00:00,1,19.529342249999999,-99.187010630000003
2017-06-22 08:00:00,1,19.319082829999999,-99.262875579999999
2017-06-22 08:00:00,1,19.328873699999999,-99.255130960000002
2017-06-22 08:00:00,1,19.32888715,-99.254375039999999
2017-06-22 08:00:00,1,19.332254370000001,-99.243534949999997
2017-06-22 08:00:00,1,19.348479489999999,-99.201317700000004
2017-06-22 08:00:00,1,19.415775119999999,-99.090044840000004
2017-06-22 08:00:00,1,19.44808592,-99.121119859999993
2017-06-22 08:00:00,1,19.459316520000002,-99.137739420000003
2017-06-22 08:00:00,1,19.46153906,-99.196442219999994
2017-06-22 08:00:00,1,19.462724359999999,-99.198010260000004
2016-12-08 08:00:00,1,19.330871720000001,-99.069922199999993
2016-12-08 08:00:00,1,19.331033600000001,-99.069885170000006
2016-12-08 08:00:00,1,19.351660689999999,-99.041363399999994
2016-12-08 08:00:00,1,19.371194599999999,-99.18098809
2016-12-08 08:00:00,1,19.37278006,-99.190770000000001
2016-12-08 08:00:00,1,19.447993480000001,-99.207529910000005
2016-12-09 08:00:00,1,19.33142097,-99.06826744
2016-12-09 08:00:00,1,19.367183799999999,-99.204416190000003
2016-12-09 08:00:00,1,19.394229559999999,-99.070458250000001
2016-12-10 08:00:00,1,19.240177020000001,-99.113848660000002
2016-12-10 08:00:00,1,19.24206027,-99.097146240000001
2016-12-10 08:00:00,1,19.33087733,-99.069910750000005
2016-12-10 08:00:00,1,19.370595609999999,-99.181392279999997
2016-12-10 08:00:00,1,19.42093375,-99.116840550000006
2016-12-10 08:00:00,1,19.435072040000001,-99.134990060000007
2016-12-10 08:00:00,1,19.43588712,-99.126473279999999
2016-12-11 08:00:00,1,19.369268129999998,-99.180610689999995
2016-12-11 08:00:00,1,19.464216820000001,-99.061402139999998
2016-12-13 08:00:00,1,19.341427110000001,-99.030961070000004
2016-12-13 08:00:00,1,19.366976040000001,-99.204900620000004
2016-12-13 08:00:00,1,19.391709240000001,-99.193798439999995
2016-12-13 08:00:00,1,19.429701550000001,-99.178281870000006
2016-12-14 08:00:00,1,19.323662639999998,-99.121047540000006
2016-12-14 08:00:00,1,19.330873199999999,-99.069872200000006
2016-12-14 08:00:00,1,19.330965469999999,-99.069805489999993
2016-12-14 08:00:00,1,19.359285880000002,-99.057061939999997
2016-12-14 08:00:00,1,19.366836410000001,-99.205159359999996
2016-12-14 08:00:00,1,19.385952450000001,-99.086237440000005
2016-12-15 08:00:00,1,19.370154660000001,-99.179928450000006
2016-12-15 08:00:00,1,19.629416840000001,-99.093236070000003
2016-12-16 08:00:00,1,19.366810820000001,-99.205025140000004
2016-12-16 08:00:00,1,19.366884209999998,-99.205005420000006
2016-12-18 08:00:00,1,19.369941430000001,-99.178899430000001
2016-12-18 08:00:00,1,19.400768559999999,-99.12906916
2016-12-19 08:00:00,1,19.33073826,-99.068464399999996
2016-12-19 08:00:00,1,19.335963710000001,-99.108980900000006
2016-12-19 08:00:00,1,19.366893610000002,-99.205002750000006
2016-12-19 08:00:00,1,19.368317279999999,-99.201892869999995
2016-12-20 08:00:00,1,19.36674743,-99.205039830000004
2016-12-21 08:00:00,1,19.366757010000001,-99.204815749999995
2016-12-21 08:00:00,1,19.366850320000001,-99.205067470000003
2016-12-21 08:00:00,1,19.426030239999999,-99.198646299999993
2016-12-21 08:00:00,1,19.534592020000002,-99.203603319999999
2016-12-22 08:00:00,1,19.3309183,-99.069818400000003
2016-12-22 08:00:00,1,19.33092576,-99.068377080000005
2016-12-22 08:00:00,1,19.331041379999998,-99.068338030000007
2016-12-22 08:00:00,1,19.399435310000001,-99.187756289999996
2016-12-23 08:00:00,1,19.35849945,-99.175558559999999
2016-12-23 08:00:00,1,19.369372160000001,-99.180534739999999
2016-12-24 08:00:00,1,19.35886108,-99.062025180000006
2016-12-25 08:00:00,1,19.376444639999999,-99.113596250000001
2016-12-25 08:00:00,1,19.38333622,-99.084460210000003
2016-12-26 08:00:00,1,19.353733049999999,-99.064234189999993
2016-12-27 08:00:00,1,19.330927079999999,-99.069846729999995
2016-12-27 08:00:00,1,19.330949400000002,-99.069891889999994
2016-12-27 08:00:00,1,19.37066162,-99.181589299999999
2016-12-27 08:00:00,1,19.438705639999998,-99.179538039999997
2016-12-28 08:00:00,1,19.370068379999999,-99.177697069999994
2016-12-30 08:00:00,1,19.429095740000001,-99.132869020000001
2016-12-30 08:00:00,1,19.4655463,-99.174374999999998
2016-12-31 08:00:00,1,19.3069463,-99.059884069999995
2016-12-31 08:00:00,1,19.35288838,-99.064251630000001
2016-12-31 08:00:00,1,19.361598579999999,-99.061494100000004
2016-12-31 08:00:00,1,19.414699720000002,-99.061237700000007
2017-01-02 08:00:00,1,19.342900109999999,-99.204298269999995
2017-01-02 08:00:00,1,19.370154100000001,-99.179998400000002
2017-01-03 08:00:00,1,19.370154100000001,-99.179998400000002
2017-01-03 08:00:00,1,19.438613669999999,-99.179603180000001
2017-01-03 08:00:00,1,19.44788982,-99.153042189999994
2017-01-04 08:00:00,1,19.331628989999999,-99.125273660000005
2017-01-04 08:00:00,1,19.40262547,-99.139330760000007
2017-01-04 08:00:00,1,19.43928974,-99.132972499999994
2017-01-05 08:00:00,1,19.37067077,-99.181494259999994
2017-01-05 08:00:00,1,19.379443500000001,-99.140473060000005
2017-01-06 08:00:00,1,19.370620769999999,-99.180838390000005
2017-01-07 08:00:00,1,19.37062104,-99.181009270000004
2017-01-07 08:00:00,1,19.406527449999999,-99.138779229999997
2017-01-08 08:00:00,1,19.370395309999999,-99.179995520000006
2017-01-09 08:00:00,1,19.330867430000001,-99.069792179999993
2017-01-09 08:00:00,1,19.33236432,-99.149715279999995
2017-01-09 08:00:00,1,19.43862085,-99.179616420000002
2017-01-10 08:00:00,1,19.296211289999999,-99.214141749999996
2017-01-10 08:00:00,1,19.330873629999999,-99.069922559999995
2017-01-10 08:00:00,1,19.368928520000001,-99.180333880000006
2017-01-10 08:00:00,1,19.438588200000002,-99.179206789999995
2017-01-10 08:00:00,1,19.491745420000001,-99.173338259999994
2017-01-11 08:00:00,1,19.370668269999999,-99.182941999999997
2017-01-11 08:00:00,1,19.42277219,-99.102325859999993
2017-01-11 08:00:00,1,19.426451660000001,-99.133022679999996
2017-01-12 08:00:00,1,19.33097051,-99.069898379999998
2017-01-12 08:00:00,1,19.370167500000001,-99.180006199999994
2017-01-12 08:00:00,1,19.4386063,-99.179440499999998
2017-01-13 08:00:00,1,19.243091920000001,-98.996914649999994
2017-01-13 08:00:00,1,19.362905189999999,-99.187740439999999
2017-01-13 08:00:00,1,19.465764570000001,-99.182010430000005
2017-01-14 08:00:00,1,19.250638599999998,-99.173593069999995
2017-01-14 08:00:00,1,19.321964149999999,-99.245563259999997
2017-01-14 08:00:00,1,19.322809249999999,-99.244860590000002
2017-01-14 08:00:00,1,19.35382469,-99.064080950000005
2017-01-15 08:00:00,1,19.330858339999999,-99.069876570000005
2017-01-15 08:00:00,1,19.330992269999999,-99.069811349999995
2017-01-15 08:00:00,1,19.370382299999999,-99.18002765
2017-01-15 08:00:00,1,19.37173714,-99.182275680000004
2017-01-16 08:00:00,1,19.303129869999999,-99.207419250000001
2017-01-16 08:00:00,1,19.330654190000001,-99.068530429999996
2017-01-16 08:00:00,1,19.376902430000001,-99.180244740000006
2017-01-16 08:00:00,1,19.412517510000001,-99.187013160000006
2017-01-16 08:00:00,1,19.43859707,-99.179569200000003
2017-01-17 08:00:00,1,19.330850569999999,-99.069179460000001
2017-01-17 08:00:00,1,19.359164830000001,-99.062008689999999
2017-01-17 08:00:00,1,19.369672489999999,-99.179170209999995
2017-01-18 08:00:00,1,19.271491009999998,-99.118387990000002
2017-01-18 08:00:00,1,19.3062352,-99.059760470000001
2017-01-18 08:00:00,1,19.330673220000001,-99.068425959999999
2017-01-20 08:00:00,1,19.304676300000001,-99.269200949999998
2017-01-20 08:00:00,1,19.317451810000001,-99.264944249999999
2017-01-20 08:00:00,1,19.321603679999999,-99.266314320000006
2017-01-20 08:00:00,1,19.321880190000002,-99.262531199999998
2017-01-20 08:00:00,1,19.33088614,-99.069830319999994
2017-01-20 08:00:00,1,19.332809300000001,-99.242144600000003
2017-01-20 08:00:00,1,19.339604569999999,-99.207811269999993
2016-11-23 08:00:00,1,19.46163151,-99.196386910000001
2016-11-23 08:00:00,1,19.461713580000001,-99.19680366
2016-11-23 08:00:00,1,19.46249143,-99.196199050000004
2016-11-24 08:00:00,1,19.32204918,-99.116622460000002
2016-11-24 08:00:00,1,19.46099585,-99.196646830000006
2016-11-24 08:00:00,1,19.461625340000001,-99.196395559999999
2016-11-24 08:00:00,1,19.462918389999999,-99.196131260000001
2016-11-25 08:00:00,1,19.243408800000001,-99.101883549999997
2016-11-25 08:00:00,1,19.260346930000001,-99.103984659999995
2016-11-25 08:00:00,1,19.37103797,-99.179817630000002
2016-11-25 08:00:00,1,19.45925815,-99.19702375
2016-11-25 08:00:00,1,19.462814439999999,-99.196181960000004
2016-11-26 08:00:00,1,19.242288439999999,-99.093656550000006
2016-11-26 08:00:00,1,19.245785439999999,-99.093603430000002
2016-11-26 08:00:00,1,19.250050349999999,-99.094950030000007
2016-11-26 08:00:00,1,19.252712079999998,-99.093727299999998
2016-11-26 08:00:00,1,19.33087982,-99.069682209999996
2016-11-26 08:00:00,1,19.3309292,-99.069917599999997
2016-11-26 08:00:00,1,19.3706049,-99.1828383
2016-11-26 08:00:00,1,19.381051530000001,-99.203036220000001
2016-11-26 08:00:00,1,19.418893310000001,-99.078491099999994
2016-11-27 08:00:00,1,19.471164309999999,-99.17841962
2016-11-28 08:00:00,1,19.38500385,-99.189188119999997
2016-11-28 08:00:00,1,19.385037449999999,-99.189067820000005
2016-11-28 08:00:00,1,19.385082440000001,-99.189108189999999
2016-11-28 08:00:00,1,19.398394580000001,-99.199088599999996
2016-11-29 08:00:00,1,19.3305893,-99.0673618
2016-11-29 08:00:00,1,19.330718690000001,-99.068405139999996
2016-11-29 08:00:00,1,19.38492055,-99.189099630000001
2016-11-29 08:00:00,1,19.385107560000002,-99.189190850000003
2016-11-29 08:00:00,1,19.385147419999999,-99.18917768
2016-11-29 08:00:00,1,19.395384320000002,-99.199031419999997
2016-11-29 08:00:00,1,19.396622900000001,-99.208121399999996
2016-11-29 08:00:00,1,19.39871166,-99.218587409999998
2016-11-29 08:00:00,1,19.457745249999999,-99.200662460000004
2016-11-30 08:00:00,1,19.33071618,-99.068610000000007
2016-11-30 08:00:00,1,19.43857143,-99.179652279999999
2016-12-01 08:00:00,1,19.307423790000001,-99.060303000000005
2016-12-01 08:00:00,1,19.307556380000001,-99.060308660000004
2016-12-01 08:00:00,1,19.307661809999999,-99.060184100000001
2016-12-01 08:00:00,1,19.377199449999999,-99.175506350000006
2016-12-01 08:00:00,1,19.381394400000001,-99.202831599999996
2016-12-01 08:00:00,1,19.381418629999999,-99.202494619999996
2016-12-01 08:00:00,1,19.425580490000002,-99.135358150000002
2016-12-01 08:00:00,1,19.438659829999999,-99.17955121
2016-12-02 08:00:00,1,19.330883799999999,-99.069893800000003
2016-12-02 08:00:00,1,19.330911700000001,-99.069858049999993
2016-12-02 08:00:00,1,19.43856285,-99.179596480000001
2016-12-04 08:00:00,1,19.360924820000001,-99.167940450000003
2016-12-05 08:00:00,1,19.307290630000001,-99.060687209999998
2016-12-05 08:00:00,1,19.384974799999998,-99.189181180000006
2016-12-05 08:00:00,1,19.385045399999999,-99.189122859999998
2016-12-05 08:00:00,1,19.385135779999999,-99.189121970000002
2016-12-06 08:00:00,1,19.332388609999999,-99.069440569999998
2016-12-06 08:00:00,1,19.339872509999999,-99.263452720000004
2016-12-06 08:00:00,1,19.34209461,-99.25343848
2016-12-06 08:00:00,1,19.3438789,-99.115841099999997
2016-12-06 08:00:00,1,19.378527909999999,-99.203756319999997
2016-12-06 08:00:00,1,19.38503163,-99.189326840000007
2016-12-07 08:00:00,1,19.30753498,-99.060312269999997
2016-12-07 08:00:00,1,19.30753567,-99.060286020000007
2016-12-07 08:00:00,1,19.307769690000001,-99.060743290000005
2016-12-07 08:00:00,1,19.368583749999999,-99.204177279999996
2016-12-07 08:00:00,1,19.38505752,-99.188998789999999
2016-12-07 08:00:00,1,19.38510874,-99.189124789999994
2016-12-07 08:00:00,1,19.38516516,-99.189328200000006
2016-07-13 08:00:00,1,19.545263569999999,-99.034951289999995
2016-07-14 08:00:00,1,19.56682618,-99.039656550000004
2016-07-15 08:00:00,1,19.3040077,-99.132457700000003
2016-07-15 08:00:00,1,19.380356429999999,-99.203407380000002
2016-07-15 08:00:00,1,19.38048431,-99.203432309999997
2016-07-15 08:00:00,1,19.381818639999999,-99.202171770000007
2016-07-19 08:00:00,1,19.32215923,-99.264371999999995
2016-07-20 08:00:00,1,19.380968889999998,-99.203205780000005
2016-07-23 08:00:00,1,19.381051580000001,-99.203215700000001
2016-07-23 08:00:00,1,19.381898700000001,-99.201629100000005
2016-07-25 08:00:00,1,19.380556819999999,-99.203449899999995
2016-07-25 08:00:00,1,19.382668779999999,-99.191891339999998
2016-07-25 08:00:00,1,19.418748359999999,-99.172296979999999
2016-07-25 08:00:00,1,19.438635659999999,-99.179508499999997
2016-07-31 08:00:00,1,19.368172430000001,-99.176277679999998
2016-08-01 08:00:00,1,19.382861609999999,-99.19783726
2016-08-01 08:00:00,1,19.404539580000002,-99.039279269999994
2016-08-02 08:00:00,1,19.3804409,-99.203537800000007
2016-08-03 08:00:00,1,19.295248099999998,-99.181092399999997
2016-08-03 08:00:00,1,19.295360989999999,-99.181179729999997
2016-08-03 08:00:00,1,19.380635359999999,-99.203433290000007
2016-08-03 08:00:00,1,19.381227240000001,-99.202888569999999
2016-08-04 08:00:00,1,19.381774950000001,-99.201958289999993
2016-08-05 08:00:00,1,19.36639057,-99.176796330000002
2016-08-06 08:00:00,1,19.370271979999998,-99.181102409999994
2016-08-08 08:00:00,1,19.288696989999998,-99.040579519999994
2016-08-08 08:00:00,1,19.330125729999999,-99.153734850000006
2016-08-08 08:00:00,1,19.331667920000001,-99.153044260000001
2016-08-08 08:00:00,1,19.369540780000001,-99.182628660000006
2016-08-08 08:00:00,1,19.376804509999999,-99.179603299999997
2016-08-09 08:00:00,1,19.275535999999999,-99.0059325
2016-08-09 08:00:00,1,19.2854642,-99.01341094
2016-08-10 08:00:00,1,19.367670820000001,-99.204838850000002
2016-08-10 08:00:00,1,19.380502830000001,-99.203450610000004
2016-08-10 08:00:00,1,19.38102529,-99.203164909999998
2016-08-11 08:00:00,1,19.37049983,-99.183191149999999
2016-08-12 08:00:00,1,19.382145000000001,-99.200882300000004
2016-08-13 08:00:00,1,19.364591950000001,-99.183788289999995
2016-08-13 08:00:00,1,19.380670819999999,-99.203451619999996
2016-08-13 08:00:00,1,19.56678166,-99.040016010000002
2016-08-14 08:00:00,1,19.37084389,-99.182311479999996
2016-08-15 08:00:00,1,19.3804379,-99.203556539999994
2016-08-16 08:00:00,1,19.380488540000002,-99.20361595
2016-08-16 08:00:00,1,19.380709230000001,-99.203493370000004
2016-08-16 08:00:00,1,19.438584299999999,-99.179475109999998
2016-08-17 08:00:00,1,19.302506879999999,-99.165749590000004
2016-08-17 08:00:00,1,19.32685622,-99.272940919999996
2016-08-17 08:00:00,1,19.328606910000001,-99.271146979999997
2016-08-17 08:00:00,1,19.375530059999999,-99.186613210000004
2016-08-17 08:00:00,1,19.414793410000001,-99.093921870000003
2016-08-18 08:00:00,1,19.30273073,-99.169924440000003
2016-08-18 08:00:00,1,19.378894800000001,-99.169564199999996
2016-08-19 08:00:00,1,19.370115699999999,-99.180138690000007
2016-08-19 08:00:00,1,19.380490200000001,-99.203502200000003
2016-08-19 08:00:00,1,19.382204869999999,-99.199505619999996
2016-08-22 08:00:00,1,19.32226786,-99.264309040000001
2016-08-22 08:00:00,1,19.322891729999998,-99.263912020000006
2016-08-22 08:00:00,1,19.326472089999999,-99.259717429999995
2016-08-22 08:00:00,1,19.353539470000001,-99.237106479999994
2016-08-22 08:00:00,1,19.357964719999998,-99.2344054
2016-08-22 08:00:00,1,19.36603792,-99.204298379999997
2016-08-22 08:00:00,1,19.380781639999999,-99.203445950000003
2016-08-22 08:00:00,1,19.43840762,-99.179615119999994
2016-08-23 08:00:00,1,19.3701021,-99.186076099999994
2016-08-23 08:00:00,1,19.380375000000001,-99.203504089999996
2016-08-23 08:00:00,1,19.381130030000001,-99.203132699999998
2016-08-23 08:00:00,1,19.40574784,-99.06768873
2016-08-23 08:00:00,1,19.43854129,-99.179548740000001
2016-08-23 08:00:00,1,19.438606579999998,-99.179621960000006
2016-08-24 08:00:00,1,19.327646260000002,-99.260481089999999
2016-08-24 08:00:00,1,19.372266459999999,-99.203716409999998
2016-08-24 08:00:00,1,19.372387799999998,-99.058883300000005
2016-08-24 08:00:00,1,19.374782570000001,-99.181212560000006
2016-08-25 08:00:00,1,19.380391079999999,-99.203469760000004
2016-08-26 08:00:00,1,19.370528329999999,-99.180135100000001
2016-08-26 08:00:00,1,19.438624130000001,-99.179576049999994
2016-08-28 08:00:00,1,19.322177239999998,-99.221969229999999
2016-08-31 08:00:00,1,19.238658109999999,-99.149272719999999
2016-08-31 08:00:00,1,19.306104879999999,-99.156446040000006
2016-08-31 08:00:00,1,19.390987160000002,-99.174461359999995
2016-09-01 08:00:00,1,19.438533249999999,-99.179616940000003
2016-09-02 08:00:00,1,19.265936100000001,-99.114487679999996
2016-09-02 08:00:00,1,19.380670200000001,-99.203372520000002
2016-09-02 08:00:00,1,19.419386159999998,-99.166461269999999
2016-09-03 08:00:00,1,19.61833858,-99.076515700000002
2016-09-04 08:00:00,1,19.2957763,-99.148602600000004
2016-09-05 08:00:00,1,19.35810201,-99.163884409999994
2016-09-05 08:00:00,1,19.370301420000001,-99.180464020000002
2016-09-06 08:00:00,1,19.374955239999998,-99.178527610000003
2016-09-06 08:00:00,1,19.592699710000002,-99.050840489999999
2016-09-07 08:00:00,1,19.43862197,-99.17952674
2016-09-08 08:00:00,1,19.368073299999999,-99.179659900000004
2016-09-09 08:00:00,1,19.299859399999999,-99.104937860000007
2016-09-09 08:00:00,1,19.305557929999999,-99.122766619999993
2016-09-09 08:00:00,1,19.366634210000001,-99.20497408
2016-09-10 08:00:00,1,19.370600790000001,-99.180048790000001
2016-09-10 08:00:00,1,19.464197680000002,-99.159421949999995
2016-09-12 08:00:00,1,19.3090312,-99.219376199999999
2016-09-12 08:00:00,1,19.369110079999999,-99.18056181
2016-09-12 08:00:00,1,19.47940311,-99.190110709999999
2016-09-17 08:00:00,1,19.305618200000001,-99.186466629999998
2016-09-18 08:00:00,1,19.3337681,-99.281233920000005
2016-09-19 08:00:00,1,19.43865838,-99.179329420000002
2016-09-19 08:00:00,1,19.479398849999999,-99.067296330000005
2016-09-19 08:00:00,1,19.586558480000001,-99.041920070000003
2016-09-20 08:00:00,1,19.33028921,-99.282764659999998
2016-09-20 08:00:00,1,19.415117259999999,-99.134041550000006
2016-09-20 08:00:00,1,19.438704959999999,-99.179703009999997
2016-09-20 08:00:00,1,19.456740199999999,-99.12363379
2016-09-20 08:00:00,1,19.47517401,-99.180035790000005
2016-09-21 08:00:00,1,19.285476209999999,-99.215149019999998
2016-09-21 08:00:00,1,19.288497110000002,-99.146160499999993
2016-09-22 08:00:00,1,19.30689267,-99.142999990000007
2016-09-22 08:00:00,1,19.382209079999999,-99.200628789999996
2016-09-22 08:00:00,1,19.438654190000001,-99.179650530000004
2016-09-23 08:00:00,1,19.370421780000001,-99.179972129999996
2016-09-23 08:00:00,1,19.37872733,-99.183497149999994
2016-09-23 08:00:00,1,19.438590049999998,-99.179556430000005
2016-09-23 08:00:00,1,19.438595459999998,-99.179544460000002
2016-09-23 08:00:00,1,19.4386701,-99.179505399999996
2016-09-27 08:00:00,1,19.43854576,-99.179595660000004
2016-09-29 08:00:00,1,19.296783430000001,-99.16119277
2016-09-29 08:00:00,1,19.370159220000001,-99.180223729999994
2016-09-29 08:00:00,1,19.423639600000001,-99.098221550000005
2016-10-01 08:00:00,1,19.381702690000001,-99.202119389999993
2016-10-02 08:00:00,1,19.291543570000002,-99.122237339999998
2016-10-02 08:00:00,1,19.337261699999999,-99.130922900000002
2016-10-02 08:00:00,1,19.37018132,-99.180237559999995
2016-10-03 08:00:00,1,19.364640300000001,-99.109631800000002
2016-10-03 08:00:00,1,19.367486979999999,-99.108970429999999
2016-10-03 08:00:00,1,19.38165978,-99.10553401
2016-10-04 08:00:00,1,19.323074999999999,-99.161527300000003
2016-10-04 08:00:00,1,19.43993438,-99.179191950000003
2016-10-05 08:00:00,1,19.37090693,-99.182513569999998
2016-10-05 08:00:00,1,19.43854284,-99.179628109999996
2016-10-07 08:00:00,1,19.370158480000001,-99.179978669999997
2016-10-07 08:00:00,1,19.382691080000001,-99.128183000000007
2016-10-07 08:00:00,1,19.404100029999999,-99.136297010000007
2016-10-08 08:00:00,1,19.307444019999998,-99.060222620000005
2016-10-08 08:00:00,1,19.307686960000002,-99.060390069999997
2016-10-10 08:00:00,1,19.280328600000001,-99.160293089999996
2016-10-10 08:00:00,1,19.307700369999999,-99.060242840000001
2016-10-10 08:00:00,1,19.307717870000001,-99.060315500000002
2016-10-10 08:00:00,1,19.32070216,-99.263224249999993
2016-10-10 08:00:00,1,19.325241259999999,-99.26071589
2016-10-10 08:00:00,1,19.325840750000001,-99.259781579999995
2016-10-11 08:00:00,1,19.34246637,-99.225991489999998
2016-10-11 08:00:00,1,19.370843409999999,-99.180046140000002
2016-10-11 08:00:00,1,19.37326405,-99.163230240000004
2016-10-12 08:00:00,1,19.271510289999998,-99.118373910000003
2016-10-12 08:00:00,1,19.307652610000002,-99.060204900000002
2016-10-12 08:00:00,1,19.431026540000001,-99.140665499999997
2016-10-14 08:00:00,1,19.327373349999998,-99.272032999999993
2016-10-14 08:00:00,1,19.332023079999999,-99.244680979999998
2016-10-14 08:00:00,1,19.370242940000001,-99.179791379999998
2016-10-14 08:00:00,1,19.438739850000001,-99.179376250000004
2016-10-15 08:00:00,1,19.311319990000001,-99.123223100000004
2016-10-15 08:00:00,1,19.34717667,-99.181070399999996
2016-10-15 08:00:00,1,19.370773419999999,-99.179926140000006
2016-10-16 08:00:00,1,19.305954400000001,-99.051242599999995
2016-10-17 08:00:00,1,19.46260032,-99.196137750000005
2016-10-18 08:00:00,1,19.388974220000001,-99.185410039999994
2016-10-18 08:00:00,1,19.407022399999999,-99.188017000000002
2016-10-18 08:00:00,1,19.43865263,-99.179713750000005
2016-10-19 08:00:00,1,19.279731000000002,-99.160049259999994
2016-10-19 08:00:00,1,19.32084541,-99.110641990000005
2016-10-19 08:00:00,1,19.364597310000001,-99.109595909999996
2016-10-19 08:00:00,1,19.51261366,-99.211513269999998
2016-10-20 08:00:00,1,19.307480810000001,-99.060285399999998
2016-10-21 08:00:00,1,19.370761359999999,-99.179823409999997
2016-10-22 08:00:00,1,19.36762212,-99.181035589999993
2016-10-22 08:00:00,1,19.462590290000001,-99.19615494
2016-10-23 08:00:00,1,19.307222970000002,-99.060609450000001
2016-10-23 08:00:00,1,19.461595320000001,-99.196371040000002
2016-10-23 08:00:00,1,19.462311629999999,-99.19621927
2016-10-24 08:00:00,1,19.452168459999999,-99.218583730000006
2016-10-25 08:00:00,1,19.380668960000001,-99.203546630000005
2016-10-25 08:00:00,1,19.381567919999998,-99.202034440000006
2016-10-27 08:00:00,1,19.37604241,-99.202184529999997
2016-10-28 08:00:00,1,19.243482579999998,-99.102928329999997
2016-10-28 08:00:00,1,19.247369679999998,-99.085323399999993
2016-10-28 08:00:00,1,19.370476579999998,-99.181174630000001
2016-10-28 08:00:00,1,19.376420750000001,-99.131028790000002
2016-10-28 08:00:00,1,19.38046508,-99.203556669999998
2016-10-28 08:00:00,1,19.380558749999999,-99.203579120000001
2016-10-29 08:00:00,1,19.22614286,-99.107490350000006
2016-10-29 08:00:00,1,19.258044810000001,-99.105597829999994
2016-10-29 08:00:00,1,19.370218860000001,-99.180047979999998
2016-10-29 08:00:00,1,19.38047048,-99.203587690000006
2016-10-29 08:00:00,1,19.380718989999998,-99.203631920000007
2016-10-29 08:00:00,1,19.38106088,-99.203023889999997
2016-10-30 08:00:00,1,19.4305463,-99.090368769999998
2016-10-31 08:00:00,1,19.247106209999998,-99.074007460000004
2016-10-31 08:00:00,1,19.258587370000001,-99.038032380000004
2016-10-31 08:00:00,1,19.341961040000001,-99.195749699999993
2016-10-31 08:00:00,1,19.37059807,-99.18314015
2016-10-31 08:00:00,1,19.380389860000001,-99.203465039999998
2016-11-01 08:00:00,1,19.243130709999999,-99.110931919999999
2016-11-01 08:00:00,1,19.247263220000001,-99.086157369999995
2016-11-01 08:00:00,1,19.24952815,-99.058087950000001
2016-11-01 08:00:00,1,19.25353084,-99.054519290000002
2016-11-01 08:00:00,1,19.253922280000001,-99.043243529999998
2016-11-02 08:00:00,1,19.363785119999999,-99.127138970000004
2016-11-02 08:00:00,1,19.404436430000001,-99.139949150000007
2016-11-03 08:00:00,1,19.241100790000001,-99.090887739999999
2016-11-03 08:00:00,1,19.241957249999999,-99.092053070000006
2016-11-03 08:00:00,1,19.242302899999999,-99.0935281
2016-11-03 08:00:00,1,19.245224799999999,-99.101393000000002
2016-11-03 08:00:00,1,19.307654549999999,-99.060427750000002
2016-11-03 08:00:00,1,19.364293029999999,-99.127184310000004
2016-11-03 08:00:00,1,19.370592259999999,-99.181350469999998
2016-11-04 08:00:00,1,19.312184850000001,-99.107612829999994
2016-11-04 08:00:00,1,19.370172400000001,-99.179912000000002
2016-11-04 08:00:00,1,19.430007310000001,-99.174000149999998
2016-11-04 08:00:00,1,19.461600350000001,-99.196419680000005
2016-11-04 08:00:00,1,19.461602559999999,-99.196289350000001
2016-11-05 08:00:00,1,19.248306039999999,-99.093336879999995
2016-11-05 08:00:00,1,19.260918920000002,-99.094672579999994
2016-11-05 08:00:00,1,19.268032519999998,-99.225605799999997
2016-11-05 08:00:00,1,19.363706069999999,-99.09386413
2016-11-05 08:00:00,1,19.462868660000002,-99.195718990000003
2016-11-06 08:00:00,1,19.25086443,-99.096968149999995
2016-11-06 08:00:00,1,19.370088500000001,-99.180137299999998
2016-11-06 08:00:00,1,19.462743400000001,-99.19610437
2016-11-07 08:00:00,1,19.381603479999999,-99.129558939999995
2016-11-07 08:00:00,1,19.395093889999998,-99.199293879999999
2016-11-08 08:00:00,1,19.34746316,-99.004216639999996
2016-11-08 08:00:00,1,19.35481154,-99.178840589999993
2016-11-08 08:00:00,1,19.365288830000001,-99.162590739999999
2016-11-08 08:00:00,1,19.5028641,-99.183585800000003
2016-11-09 08:00:00,1,19.343970899999999,-99.273231199999998
2016-11-09 08:00:00,1,19.421888930000001,-99.14680224
2016-11-09 08:00:00,1,19.426879119999999,-99.148986230000006
2016-11-09 08:00:00,1,19.43185398,-99.157207139999997
2016-11-09 08:00:00,1,19.442324249999999,-99.130809040000003
2016-11-10 08:00:00,1,19.289080800000001,-99.155397019999995
2016-11-10 08:00:00,1,19.31217852,-99.080659470000001
2016-11-10 08:00:00,1,19.37645715,-99.178095089999999
2016-11-10 08:00:00,1,19.416388959999999,-99.158101279999997
2016-11-11 08:00:00,1,19.370194739999999,-99.180005100000002
2016-11-11 08:00:00,1,19.446371200000002,-99.139151799999993
2016-11-12 08:00:00,1,19.287756340000001,-98.925957299999993
2016-11-12 08:00:00,1,19.306052210000001,-98.922045830000002
2016-11-12 08:00:00,1,19.328341959999999,-99.107662640000001
2016-11-14 08:00:00,1,19.378891849999999,-99.177277919999995
2016-11-15 08:00:00,1,19.318328040000001,-99.075375370000003
2016-11-15 08:00:00,1,19.3262532,-99.075879400000005
2016-11-15 08:00:00,1,19.330948450000001,-99.069781390000003
2016-11-15 08:00:00,1,19.331672749999999,-99.073584069999995
2016-11-16 08:00:00,1,19.330627029999999,-99.068506040000003
2016-11-16 08:00:00,1,19.330736959999999,-99.068446679999994
2016-11-17 08:00:00,1,19.289346689999999,-99.216626079999998
2016-11-17 08:00:00,1,19.330693140000001,-99.068668419999995
2016-11-17 08:00:00,1,19.347545589999999,-99.182645649999998
2016-11-17 08:00:00,1,19.462259620000001,-99.196211399999996
2016-11-17 08:00:00,1,19.543951289999999,-99.039196410000002
2016-11-18 08:00:00,1,19.330675580000001,-99.068427670000005
2016-11-18 08:00:00,1,19.33095539,-99.069698239999994
2016-11-18 08:00:00,1,19.36039384,-99.163257250000001
2016-11-18 08:00:00,1,19.363158630000001,-99.231835129999993
2016-11-18 08:00:00,1,19.461059500000001,-99.196689570000004
2016-11-18 08:00:00,1,19.461327870000002,-99.195053380000004
2016-11-19 08:00:00,1,19.26196152,-99.112990210000007
2017-01-20 08:00:00,1,19.364778569999999,-99.107681549999995
2017-01-20 08:00:00,1,19.370340639999998,-99.180078269999996
2017-01-20 08:00:00,1,19.371765490000001,-99.186667549999996
2017-01-20 08:00:00,1,19.425497539999999,-99.161644929999994
2017-01-21 08:00:00,1,19.273428419999998,-99.22885952
2017-01-21 08:00:00,1,19.320971950000001,-99.263080489999993
2017-01-21 08:00:00,1,19.322113080000001,-99.264501760000002
2017-01-21 08:00:00,1,19.324780650000001,-99.269296609999998
2017-01-22 08:00:00,1,19.355674910000001,-99.061560180000001
2017-01-22 08:00:00,1,19.486630380000001,-99.131815900000007
2017-01-23 08:00:00,1,19.319421179999999,-99.262937590000007
2017-01-23 08:00:00,1,19.326022259999998,-99.259700789999997
2017-01-23 08:00:00,1,19.35320054,-99.144833460000001
2017-01-24 08:00:00,1,19.307782469999999,-99.060896779999993
2017-01-24 08:00:00,1,19.32230242,-99.122160199999996
2017-01-24 08:00:00,1,19.364730959999999,-99.154790210000002
2017-01-24 08:00:00,1,19.3703003,-99.179978449999993
2017-01-24 08:00:00,1,19.438632040000002,-99.154991920000001
2017-01-24 08:00:00,1,19.45208504,-99.081607739999995
2017-01-25 08:00:00,1,19.275174209999999,-99.179523470000007
2017-01-25 08:00:00,1,19.287577150000001,-99.185026070000006
2017-01-25 08:00:00,1,19.321431109999999,-99.268080449999999
2017-01-25 08:00:00,1,19.323085509999999,-99.262924909999995
2017-01-25 08:00:00,1,19.329579729999999,-99.251473169999997
2017-01-25 08:00:00,1,19.38111279,-99.138499879999998
2017-01-25 08:00:00,1,19.399617280000001,-99.178247209999995
2017-01-26 08:00:00,1,19.27807984,-99.201902219999994
2017-01-26 08:00:00,1,19.31222884,-99.259930539999999
2017-01-26 08:00:00,1,19.365165600000001,-99.147699700000004
2017-01-27 08:00:00,1,19.282367990000001,-99.203428860000002
2017-01-27 08:00:00,1,19.283298290000001,-99.20355576
2017-01-27 08:00:00,1,19.283323070000002,-99.203591329999995
2017-01-27 08:00:00,1,19.283333580000001,-99.203546439999997
2017-01-27 08:00:00,1,19.307530700000001,-99.060325700000007
2017-01-27 08:00:00,1,19.311095130000002,-99.124885629999994
2017-01-27 08:00:00,1,19.318095419999999,-99.262119040000002
2017-01-27 08:00:00,1,19.330455529999998,-99.055102599999998
2017-01-27 08:00:00,1,19.41222123,-99.157883229999996
2017-01-27 08:00:00,1,19.439661340000001,-99.177779999999998
2017-01-28 08:00:00,1,19.402975680000001,-99.151821999999996
2017-01-28 08:00:00,1,19.476678329999999,-99.146745539999998
2017-01-31 08:00:00,1,19.27361634,-99.141274640000006
2017-01-31 08:00:00,1,19.273820000000001,-99.142080000000007
2017-01-31 08:00:00,1,19.330684699999999,-99.0683583
2017-01-31 08:00:00,1,19.330926770000001,-99.069641649999994
2017-02-01 08:00:00,1,19.30580994,-99.065591069999996
2017-02-01 08:00:00,1,19.307657039999999,-99.060186419999994
2017-02-01 08:00:00,1,19.307727969999998,-99.060549230000007
2017-02-01 08:00:00,1,19.359293950000001,-99.061965439999994
2017-02-01 08:00:00,1,19.373692420000001,-99.162782609999994
2017-02-02 08:00:00,1,19.295643439999999,-99.229173900000006
2017-02-02 08:00:00,1,19.359222330000001,-99.061985309999997
2017-02-02 08:00:00,1,19.359330480000001,-99.062007080000001
2017-02-03 08:00:00,1,19.33100997,-99.069758300000004
2017-02-03 08:00:00,1,19.358958300000001,-99.062066920000007
2017-02-03 08:00:00,1,19.359217739999998,-99.062105290000005
2017-02-03 08:00:00,1,19.359259000000002,-99.061920599999993
2017-02-04 08:00:00,1,19.36720974,-99.141781399999999
2017-02-04 08:00:00,1,19.47150135,-99.162358530000006
2017-02-05 08:00:00,1,19.294966559999999,-99.254173510000001
2017-02-05 08:00:00,1,19.308786659999999,-99.247930429999997
2017-02-05 08:00:00,1,19.323888589999999,-99.325049030000002
2017-02-05 08:00:00,1,19.356757429999998,-99.301133190000002
2017-02-05 08:00:00,1,19.36257354,-99.287590870000002
2017-02-05 08:00:00,1,19.373769589999998,-99.162844899999996
2017-02-06 08:00:00,1,19.298117420000001,-99.358609279999996
2017-02-06 08:00:00,1,19.352582590000001,-99.078575839999999
2017-02-07 08:00:00,1,19.338979330000001,-99.202258670000006
2017-02-08 08:00:00,1,19.31251421,-99.26070344
2017-02-08 08:00:00,1,19.330869750000002,-99.069812139999996
2017-02-08 08:00:00,1,19.330877579999999,-99.069956079999997
2017-02-08 08:00:00,1,19.330905090000002,-99.069789409999998
2017-02-08 08:00:00,1,19.35928706,-99.061983720000001
2017-02-08 08:00:00,1,19.359319639999999,-99.061977040000002
2017-02-08 08:00:00,1,19.46454,-99.123306700000001
2017-02-08 08:00:00,1,19.661276950000001,-99.087097790000001
2017-02-08 08:00:00,1,19.678008169999998,-99.095384330000002
2017-02-08 08:00:00,1,19.67840743,-99.086840940000002
2017-02-08 08:00:00,1,19.679823169999999,-99.087117620000001
2017-02-09 08:00:00,1,19.317037119999998,-99.262242349999994
2017-02-09 08:00:00,1,19.370144029999999,-99.180019349999995
2017-02-16 08:00:00,1,19.30527245,-99.236535099999998
2017-02-17 08:00:00,1,19.330697130000001,-99.068442410000003
2017-02-17 08:00:00,1,19.3555913,-99.101337939999993
2017-02-17 08:00:00,1,19.35565008,-99.101312089999993
2017-02-17 08:00:00,1,19.356315590000001,-99.107586119999993
2017-02-17 08:00:00,1,19.356531919999998,-99.109571669999994
2017-02-17 08:00:00,1,19.416602820000001,-99.076563849999999
2017-02-18 08:00:00,1,19.330694399999999,-99.068359999999998
2017-02-18 08:00:00,1,19.465586720000001,-99.186506879999996
2017-02-18 08:00:00,1,19.549952990000001,-99.036964670000003
2017-02-19 08:00:00,1,19.320245280000002,-99.142848799999996
2017-02-19 08:00:00,1,19.32291944,-99.062255759999999
2017-02-19 08:00:00,1,19.330156420000002,-99.164260859999999
2017-02-20 08:00:00,1,19.415096810000001,-99.167915949999994
2017-02-20 08:00:00,1,19.432260679999999,-99.132396420000006
2017-02-21 08:00:00,1,19.33101349,-99.069935099999995
2017-02-21 08:00:00,1,19.41603881,-99.245599659999996
2017-02-22 08:00:00,1,19.32792452,-99.139572009999995
2017-02-22 08:00:00,1,19.357257310000001,-99.1179092
2017-02-22 08:00:00,1,19.369121230000001,-99.120794230000001
2017-02-23 08:00:00,1,19.337431299999999,-99.223350769999996
2017-02-23 08:00:00,1,19.34818851,-99.190166750000003
2017-02-23 08:00:00,1,19.354563299999999,-99.235655739999999
2017-02-23 08:00:00,1,19.354714609999998,-99.236158900000007
2017-02-23 08:00:00,1,19.364287860000001,-99.067761140000002
2017-02-24 08:00:00,1,19.590964629999998,-99.054237130000004
2017-02-25 08:00:00,1,19.316994950000002,-99.1236514
2017-02-25 08:00:00,1,19.367417679999999,-99.117148610000001
2017-02-25 08:00:00,1,19.58596773,-99.030700890000006
2017-02-27 08:00:00,1,19.354878840000001,-99.236329490000003
2017-02-28 08:00:00,1,19.33072847,-99.068354670000005
2017-02-28 08:00:00,1,19.330858379999999,-99.264008309999994
2017-02-28 08:00:00,1,19.345975200000002,-99.180712700000001
2017-03-01 08:00:00,1,19.35840799,-99.085867570000005
2017-03-01 08:00:00,1,19.38228488,-99.200405959999998
2017-03-01 08:00:00,1,19.39101819,-99.158303660000001
2017-03-01 08:00:00,1,19.406595329999998,-99.156291789999997
2017-03-02 08:00:00,1,19.324005669999998,-99.138102380000007
2017-03-03 08:00:00,1,19.37376274,-99.185355759999993
2017-03-04 08:00:00,1,19.33487461,-99.070404420000003
2017-03-04 08:00:00,1,19.355317639999999,-99.237149279999997
2017-03-04 08:00:00,1,19.371209310000001,-99.179696030000002
2017-03-04 08:00:00,1,19.376025689999999,-99.195282640000002
2017-03-04 08:00:00,1,19.39550668,-99.209477899999996
2017-03-05 08:00:00,1,19.366494459999998,-99.17601861
2017-03-06 08:00:00,1,19.354811550000001,-99.236341039999999
2017-03-07 08:00:00,1,19.330859709999999,-99.069744110000002
2017-03-07 08:00:00,1,19.33086462,-99.069907869999994
2017-03-07 08:00:00,1,19.354970900000001,-99.236676930000002
2017-03-07 08:00:00,1,19.385010179999998,-99.189233270000003
2017-03-08 08:00:00,1,19.355408990000001,-99.237782609999996
2017-03-08 08:00:00,1,19.37017926,-99.180060280000006
2017-03-09 08:00:00,1,19.3309617,-99.069819859999996
2017-03-09 08:00:00,1,19.331119189999999,-99.070068430000006
2017-03-09 08:00:00,1,19.35134038,-99.075784440000007
2017-03-09 08:00:00,1,19.35998219,-99.274028110000003
2017-03-09 08:00:00,1,19.3938737,-99.192294399999994
2017-03-10 08:00:00,1,19.280441969999998,-98.94371056
2017-03-10 08:00:00,1,19.492581309999998,-99.153292730000004
2017-03-11 08:00:00,1,19.386109019999999,-99.174730719999999
2017-03-11 08:00:00,1,19.402255440000001,-99.133045080000002
2017-03-11 08:00:00,1,19.494909280000002,-99.120296280000005
2017-03-12 08:00:00,1,19.331231349999999,-99.264215870000001
2017-03-12 08:00:00,1,19.355007520000001,-99.236742019999994
2017-03-12 08:00:00,1,19.370876160000002,-99.182150399999998
2017-03-13 08:00:00,1,19.354548130000001,-99.235655910000006
2017-03-14 08:00:00,1,19.330856319999999,-99.069330829999998
2017-03-15 08:00:00,1,19.329757399999998,-99.128604550000006
2017-03-15 08:00:00,1,19.35485336,-99.176036060000001
2017-03-15 08:00:00,1,19.406566819999998,-99.156376510000001
2017-03-15 08:00:00,1,19.45899914,-99.207109930000001
2017-03-16 08:00:00,1,19.333062940000001,-99.274486640000006
2017-03-16 08:00:00,1,19.354480209999998,-99.235449410000001
2017-03-16 08:00:00,1,19.358373709999999,-99.171395279999999
2017-03-16 08:00:00,1,19.37117306,-99.179745019999999
2017-03-16 08:00:00,1,19.43542931,-99.084402749999995
2017-03-17 08:00:00,1,19.349340699999999,-99.150783099999998
2017-03-17 08:00:00,1,19.370957579999999,-99.179661240000001
2017-03-17 08:00:00,1,19.408457070000001,-99.134287599999993
2017-03-17 08:00:00,1,19.409075980000001,-99.124082180000002
2017-03-17 08:00:00,1,19.420111200000001,-99.147236500000005
2017-03-18 08:00:00,1,19.409007089999999,-99.124019029999999
2017-03-18 08:00:00,1,19.414998099999998,-99.071455589999999
2017-03-18 08:00:00,1,19.42648466,-99.139282859999994
2017-03-19 08:00:00,1,19.370324750000002,-99.179720399999994
2017-03-19 08:00:00,1,19.408976760000002,-99.124036480000001
2017-03-19 08:00:00,1,19.4093269,-99.119863839999994
2017-03-20 08:00:00,1,19.409007219999999,-99.124132680000002
2017-03-21 08:00:00,1,19.316753299999998,-99.251060199999998
2017-03-21 08:00:00,1,19.355230599999999,-99.237143900000007
2017-03-21 08:00:00,1,19.35589804,-99.236759359999994
2017-03-21 08:00:00,1,19.36784553,-99.178389850000002
2017-03-21 08:00:00,1,19.408995449999999,-99.124058480000002
2017-03-21 08:00:00,1,19.40904737,-99.124004889999995
2017-03-21 08:00:00,1,19.409116040000001,-99.122799740000005
2017-03-22 08:00:00,1,19.350390409999999,-99.007776620000001
2017-03-23 08:00:00,1,19.352000889999999,-99.009620310000003
2017-03-24 08:00:00,1,19.409066230000001,-99.123998580000006
2017-03-26 08:00:00,1,19.302527000000001,-99.233660999999998
2017-03-27 08:00:00,1,19.31342892,-99.092731779999994
2017-03-27 08:00:00,1,19.314134660000001,-99.094246940000005
2017-03-27 08:00:00,1,19.319392529999998,-99.091154059999994
2017-03-27 08:00:00,1,19.37126233,-99.094969500000005
2017-03-27 08:00:00,1,19.408916829999999,-99.124083589999998
2017-03-28 08:00:00,1,19.382321489999999,-99.084003620000004
2017-03-29 08:00:00,1,19.313884550000001,-99.094348729999993
2017-03-29 08:00:00,1,19.37251973,-99.277434729999996
2017-03-29 08:00:00,1,19.383032029999999,-99.083763059999995
2017-03-29 08:00:00,1,19.40263526,-99.122456459999995
2017-03-29 08:00:00,1,19.40903015,-99.124072260000005
2017-03-29 08:00:00,1,19.409058909999999,-99.124063250000006
2017-03-30 08:00:00,1,19.442434559999999,-99.159236370000002
2017-03-31 08:00:00,1,19.274650250000001,-99.223934060000005
2017-03-31 08:00:00,1,19.408991539999999,-99.124140659999995
2017-03-31 08:00:00,1,19.409025849999999,-99.124171630000006
2017-04-01 08:00:00,1,19.332171970000001,-99.122949370000001
2017-04-01 08:00:00,1,19.338654389999999,-99.126740929999997
2017-04-01 08:00:00,1,19.384875109999999,-99.097636010000002
2017-04-01 08:00:00,1,19.385192660000001,-99.081186930000001
2017-04-01 08:00:00,1,19.447800149999999,-99.152542850000003
2017-04-02 08:00:00,1,19.379472750000001,-99.140352789999994
2017-04-03 08:00:00,1,19.3889219,-99.162085219999994
2017-04-03 08:00:00,1,19.395481159999999,-99.156136709999998
2017-04-03 08:00:00,1,19.40897786,-99.124110590000001
2017-04-03 08:00:00,1,19.409049589999999,-99.124077889999995
2017-04-03 08:00:00,1,19.409058300000002,-99.124018300000003
2017-04-03 08:00:00,1,19.411241700000001,-99.122113299999995
2017-04-03 08:00:00,1,19.523299560000002,-99.132728119999996
2017-04-04 08:00:00,1,19.326187340000001,-99.24602016
2017-04-04 08:00:00,1,19.409033319999999,-99.124132309999993
2017-04-04 08:00:00,1,19.522430499999999,-99.137175200000001
2017-04-05 08:00:00,1,19.400355390000001,-99.077272960000002
2017-04-05 08:00:00,1,19.408989729999998,-99.124177410000001
2017-04-05 08:00:00,1,19.40905966,-99.124070000000003
2017-04-05 08:00:00,1,19.40906773,-99.124046519999993
2017-04-06 08:00:00,1,19.382596339999999,-99.083922990000005
2017-04-06 08:00:00,1,19.38316223,-99.083614650000001
2017-04-06 08:00:00,1,19.4069617,-99.149760000000001
2017-04-06 08:00:00,1,19.407012089999998,-99.12184302
2017-04-07 08:00:00,1,19.292320239999999,-99.161875409999993
2017-04-07 08:00:00,1,19.409118169999999,-99.124093220000006
2017-04-07 08:00:00,1,19.451736069999999,-99.064708839999994
2017-04-10 08:00:00,1,19.342237910000001,-99.049522969999998
2017-04-10 08:00:00,1,19.43328065,-99.132586959999998
2017-04-10 08:00:00,1,19.438477299999999,-99.200073979999999
2017-04-11 08:00:00,1,19.3171331,-99.245121100000006
2017-04-11 08:00:00,1,19.36179486,-99.077630859999999
2017-04-11 08:00:00,1,19.408976410000001,-99.124111350000007
2017-04-11 08:00:00,1,19.40911693,-99.124004749999997
2017-04-12 08:00:00,1,19.408961829999999,-99.124117010000006
2017-04-12 08:00:00,1,19.409037139999999,-99.124113379999997
2017-04-12 08:00:00,1,19.409054999999999,-99.1240217
2017-04-12 08:00:00,1,19.409095000000001,-99.123998299999997
2017-04-12 08:00:00,1,19.414156129999999,-99.153195010000005
2017-04-13 08:00:00,1,19.41179558,-99.172389940000002
2017-04-14 08:00:00,1,19.32008021,-99.082944839999996
2017-04-14 08:00:00,1,19.32190173,-99.094474219999995
2017-04-14 08:00:00,1,19.409014880000001,-99.124101199999998
2017-04-14 08:00:00,1,19.409036239999999,-99.124114219999996
2017-04-14 08:00:00,1,19.597339519999998,-99.041201439999995
2017-04-15 08:00:00,1,19.384286889999998,-99.114885200000003
2017-04-15 08:00:00,1,19.409024280000001,-99.124103759999997
2017-04-15 08:00:00,1,19.411062900000001,-99.127298479999993
2017-04-17 08:00:00,1,19.323981570000001,-99.258196609999999
2017-04-17 08:00:00,1,19.409061300000001,-99.124184
2017-04-17 08:00:00,1,19.465975199999999,-99.108775879999996
2017-04-18 08:00:00,1,19.399965739999999,-99.170187560000002
2017-04-18 08:00:00,1,19.4172054,-99.123032100000003
2017-04-18 08:00:00,1,19.431942589999998,-99.13877153
2017-04-18 08:00:00,1,19.452065059999999,-99.115299100000001
2017-04-19 08:00:00,1,19.321641100000001,-99.097862489999997
2017-04-19 08:00:00,1,19.409624449999999,-99.124193649999995
2017-04-19 08:00:00,1,19.409991359999999,-99.17278512
2017-04-20 08:00:00,1,19.488914090000002,-99.093990120000001
2017-04-21 08:00:00,1,19.435955379999999,-99.092051699999999
2017-04-21 08:00:00,1,19.599979260000001,-99.03042997
2017-04-22 08:00:00,1,19.301070660000001,-99.141270680000005
2017-04-22 08:00:00,1,19.411779330000002,-99.172406870000003
2017-04-22 08:00:00,1,19.419060770000002,-99.100777590000007
2017-04-22 08:00:00,1,19.426658530000001,-99.125469659999993
2017-04-22 08:00:00,1,19.43122838,-99.136620219999998
2017-04-23 08:00:00,1,19.30195668,-99.140468679999998
2017-04-23 08:00:00,1,19.43468128,-99.160208440000005
2017-04-24 08:00:00,1,19.264445139999999,-99.107588010000001
2017-04-24 08:00:00,1,19.306633619999999,-99.148195009999995
2017-04-24 08:00:00,1,19.357341269999999,-99.301511489999996
2017-04-24 08:00:00,1,19.452056519999999,-99.157215070000007
2017-04-24 08:00:00,1,19.456174659999999,-99.10562564
2017-04-26 08:00:00,1,19.309334360000001,-99.082905760000003
2017-04-26 08:00:00,1,19.456203309999999,-99.144509769999999
2017-04-27 08:00:00,1,19.308000979999999,-99.213637030000001
2017-04-27 08:00:00,1,19.336630379999999,-99.074506839999998
2017-04-27 08:00:00,1,19.413530179999999,-99.162507219999995
2017-04-28 08:00:00,1,19.476773699999999,-99.140010239999995
2017-04-29 08:00:00,1,19.399463560000001,-99.178156079999994
2017-04-29 08:00:00,1,19.433031039999999,-99.134080879999999
2017-04-29 08:00:00,1,19.43417741,-99.126213430000007
2017-04-29 08:00:00,1,19.45705242,-99.148163510000003
2017-04-30 08:00:00,1,19.393605399999998,-99.209421699999993
2017-04-30 08:00:00,1,19.3980307,-99.183159140000001
2017-04-30 08:00:00,1,19.406324120000001,-99.180813790000002
2017-04-30 08:00:00,1,19.406832900000001,-99.184814560000007
2017-04-30 08:00:00,1,19.437575200000001,-99.146307800000002
2017-05-01 08:00:00,1,19.325315060000001,-99.296143139999998
2017-05-01 08:00:00,1,19.43091609,-99.132468560000007
2017-05-02 08:00:00,1,19.35160664,-99.297520149999997
2017-05-02 08:00:00,1,19.402188769999999,-99.200563349999996
2017-05-02 08:00:00,1,19.423816009999999,-99.131022799999997
2017-05-03 08:00:00,1,19.307943089999998,-99.213568010000003
2017-05-04 08:00:00,1,19.300544169999998,-99.209131150000005
2017-05-04 08:00:00,1,19.4287703,-99.136972920000005
2017-05-04 08:00:00,1,19.460632700000001,-99.1943737
2017-05-05 08:00:00,1,19.307925969999999,-99.213666680000003
2017-05-05 08:00:00,1,19.407449840000002,-99.184525980000004
2017-05-05 08:00:00,1,19.430221660000001,-99.211306719999996
2017-05-05 08:00:00,1,19.462063279999999,-99.198231899999996
2017-05-06 08:00:00,1,19.207879370000001,-99.150929980000001
2017-05-06 08:00:00,1,19.291854789999999,-99.222549380000004
2017-05-06 08:00:00,1,19.2997367,-99.138215000000002
2017-05-06 08:00:00,1,19.302271699999999,-99.140091699999999
2017-05-06 08:00:00,1,19.30653397,-99.263688529999996
2017-05-06 08:00:00,1,19.407911110000001,-99.172056159999997
2017-05-07 08:00:00,1,19.37855502,-99.095938520000004
2017-05-08 08:00:00,1,19.2776867,-99.165255000000002
2017-05-08 08:00:00,1,19.45891469,-99.195620919999996
2017-05-08 08:00:00,1,19.529956330000001,-99.029860740000004
2017-05-09 08:00:00,1,19.267706650000001,-99.211410099999995
2017-05-09 08:00:00,1,19.267823780000001,-99.210825830000005
2017-05-09 08:00:00,1,19.273862900000001,-99.142127099999996
2017-05-09 08:00:00,1,19.295543219999999,-99.152582379999998
2017-05-09 08:00:00,1,19.302097,-99.139872999999994
2017-05-09 08:00:00,1,19.328063400000001,-99.113790980000005
2017-05-09 08:00:00,1,19.328442020000001,-99.124306559999994
2017-05-09 08:00:00,1,19.40623523,-99.185702629999994
2017-05-09 08:00:00,1,19.461569019999999,-99.196498869999999
2017-05-09 08:00:00,1,19.461608250000001,-99.195131259999997
2017-05-09 08:00:00,1,19.46165907,-99.196328820000005
2017-05-09 08:00:00,1,19.461952060000002,-99.196599699999993
2017-05-09 08:00:00,1,19.462081560000001,-99.196595610000003
2017-05-09 08:00:00,1,19.463984310000001,-99.193865770000002
2017-05-10 08:00:00,1,19.32803084,-99.104037840000004
2017-05-10 08:00:00,1,19.39616096,-99.181193129999997
2017-05-10 08:00:00,1,19.40442792,-99.184570859999994
2017-05-10 08:00:00,1,19.461727549999999,-99.196501490000003
2017-05-10 08:00:00,1,19.462932729999999,-99.196057210000006
2017-05-11 08:00:00,1,19.456144859999998,-99.185861220000007
2017-05-11 08:00:00,1,19.461598519999999,-99.196301109999993
2017-05-11 08:00:00,1,19.461609979999999,-99.196409290000005
2017-05-11 08:00:00,1,19.4618726,-99.196228570000002
2017-05-11 08:00:00,1,19.462652640000002,-99.197017450000004
2017-05-11 08:00:00,1,19.462792029999999,-99.196128389999998
2017-05-11 08:00:00,1,19.47504262,-99.099849910000003
2017-05-11 08:00:00,1,19.47775339,-99.094031689999994
2017-05-11 08:00:00,1,19.478677510000001,-99.097515009999995
2017-05-12 08:00:00,1,19.267688379999999,-99.211323469999996
2017-05-12 08:00:00,1,19.31873478,-99.075708890000001
2017-05-12 08:00:00,1,19.318950099999999,-99.075606530000002
2017-05-12 08:00:00,1,19.461466219999998,-99.196425070000004
2017-05-12 08:00:00,1,19.46157475,-99.196383280000006
2017-05-12 08:00:00,1,19.461601680000001,-99.196474390000006
2017-05-12 08:00:00,1,19.491011329999999,-99.171695189999994
2017-05-13 08:00:00,1,19.32967889,-99.163008430000005
2017-05-14 08:00:00,1,19.35427,-99.235365000000002
2017-05-14 08:00:00,1,19.366641699999999,-99.209356700000001
2017-05-14 08:00:00,1,19.378107,-99.160077000000001
2017-05-15 08:00:00,1,19.45890069,-99.199075570000005
2017-05-15 08:00:00,1,19.461198209999999,-99.199196310000005
2017-05-16 08:00:00,1,19.462086620000001,-99.196406920000001
2017-05-16 08:00:00,1,19.462725720000002,-99.195101969999996
2017-05-16 08:00:00,1,19.463177829999999,-99.195318900000004
2017-05-16 08:00:00,1,19.464146459999998,-99.195805239999999
2017-05-16 08:00:00,1,19.481859289999999,-99.105754989999994
2017-05-17 08:00:00,1,19.265168880000001,-99.127842900000005
2017-05-17 08:00:00,1,19.296026650000002,-99.133050650000001
2017-05-17 08:00:00,1,19.317602279999999,-99.259967160000002
2017-05-17 08:00:00,1,19.444997310000002,-99.16917316
2017-05-17 08:00:00,1,19.461657519999999,-99.196410240000006
2017-05-17 08:00:00,1,19.461889289999998,-99.191209520000001
2017-05-17 08:00:00,1,19.461983069999999,-99.197059030000005
2017-05-17 08:00:00,1,19.479921869999998,-99.094383890000003
2017-05-18 08:00:00,1,19.252900629999999,-99.108653439999998
2017-05-18 08:00:00,1,19.269019889999999,-99.127388620000005
2017-05-18 08:00:00,1,19.269882920000001,-99.121810280000005
2017-05-18 08:00:00,1,19.283192079999999,-99.118089519999998
2017-05-18 08:00:00,1,19.302213299999998,-99.140113299999996
2017-05-18 08:00:00,1,19.3055582,-99.245106719999995
2017-05-18 08:00:00,1,19.36709926,-99.112070000000003
2017-05-18 08:00:00,1,19.434355360000001,-99.138166319999996
2017-05-18 08:00:00,1,19.46145126,-99.1928391
2017-05-18 08:00:00,1,19.461642579999999,-99.196416429999999
2017-05-18 08:00:00,1,19.46350889,-99.195530910000002
2017-05-18 08:00:00,1,19.47628808,-99.095798079999994
